name	mvalue	se
SuShiE	1	0
MESuSiE	1	0
XMAP	0.2566923076923077	0.0038312083354111928
XMAP-IND	0.26453846153846156	0.003868738922401689
SuSiEx	0.9993846153846154	2.175127280001025e-4
